Element	Time
_commit	2022-05-16T03:22:13Z
clamav-signatures-ignore-presets/sanesecurity	2022-05-16T03:20:30Z
clamav-unofficial-signatures/bofhland/cracked-url	2022-05-16T03:20:33Z
clamav-unofficial-signatures/bofhland/malware-attach	2022-05-16T03:20:36Z
clamav-unofficial-signatures/bofhland/malware-url	2022-05-16T03:20:39Z
clamav-unofficial-signatures/bofhland/phishing-url	2022-05-16T03:20:42Z
clamav-unofficial-signatures/oitc/winnow/attachments	2022-05-16T03:20:45Z
clamav-unofficial-signatures/oitc/winnow/bad-cw	2022-05-16T03:20:48Z
clamav-unofficial-signatures/oitc/winnow/complex-patterns	2022-05-16T03:20:51Z
clamav-unofficial-signatures/oitc/winnow/extended-malware	2022-05-16T03:20:54Z
clamav-unofficial-signatures/oitc/winnow/extended-malware-links	2022-05-16T03:20:58Z
clamav-unofficial-signatures/oitc/winnow/malware	2022-05-16T03:21:01Z
clamav-unofficial-signatures/oitc/winnow/malware-links	2022-05-16T03:21:04Z
clamav-unofficial-signatures/oitc/winnow/phish-complete-url	2022-05-16T03:21:07Z
clamav-unofficial-signatures/oitc/winnow/spam-complete	2022-05-16T03:21:10Z
clamav-unofficial-signatures/porcupine/phishtank	2022-05-16T03:21:13Z
clamav-unofficial-signatures/porcupine/porcupine-hsb	2022-05-16T03:21:16Z
clamav-unofficial-signatures/porcupine/porcupine-ndb	2022-05-16T03:21:19Z
clamav-unofficial-signatures/sanesecurity/badmacro	2022-05-16T03:21:22Z
clamav-unofficial-signatures/sanesecurity/blurl	2022-05-16T03:21:25Z
clamav-unofficial-signatures/sanesecurity/foxhole/filename	2022-05-16T03:21:29Z
clamav-unofficial-signatures/sanesecurity/foxhole/generic	2022-05-16T03:21:32Z
clamav-unofficial-signatures/sanesecurity/foxhole/js-cdb	2022-05-16T03:21:35Z
clamav-unofficial-signatures/sanesecurity/foxhole/js-ndb	2022-05-16T03:21:38Z
clamav-unofficial-signatures/sanesecurity/hackingteam	2022-05-16T03:21:41Z
clamav-unofficial-signatures/sanesecurity/junk	2022-05-16T03:21:44Z
clamav-unofficial-signatures/sanesecurity/jurlbl	2022-05-16T03:21:47Z
clamav-unofficial-signatures/sanesecurity/jurlbla	2022-05-16T03:21:50Z
clamav-unofficial-signatures/sanesecurity/lott	2022-05-16T03:21:53Z
clamav-unofficial-signatures/sanesecurity/malwarehash	2022-05-16T03:21:56Z
clamav-unofficial-signatures/sanesecurity/phish	2022-05-16T03:21:59Z
clamav-unofficial-signatures/sanesecurity/rogue	2022-05-16T03:22:03Z
clamav-unofficial-signatures/sanesecurity/shelter	2022-05-16T03:22:06Z
yara-rules/bartblaze	2000-01-01T00:00:00Z
yara-rules/blacktop	2000-01-01T00:00:00Z
yara-rules/deadbits/ac-backdoor-linux	2000-01-01T00:00:00Z
yara-rules/deadbits/apt32-kerr-down	2000-01-01T00:00:00Z
yara-rules/deadbits/apt32-ratsnif	2000-01-01T00:00:00Z
yara-rules/deadbits/apt34-longwatch	2000-01-01T00:00:00Z
yara-rules/deadbits/apt34-pickpocket	2000-01-01T00:00:00Z
yara-rules/deadbits/apt34-valuevault	2000-01-01T00:00:00Z
yara-rules/deadbits/avemaria-warzone	2000-01-01T00:00:00Z
yara-rules/deadbits/crescentcore-dmg	2000-01-01T00:00:00Z
yara-rules/deadbits/dacls-linux	2000-01-01T00:00:00Z
yara-rules/deadbits/dacls-windows	2000-01-01T00:00:00Z
yara-rules/deadbits/dns-pionage	2000-01-01T00:00:00Z
yara-rules/deadbits/evil-gnome-linux	2000-01-01T00:00:00Z
yara-rules/deadbits/glupteba	2000-01-01T00:00:00Z
yara-rules/deadbits/godlua-linux	2000-01-01T00:00:00Z
yara-rules/deadbits/js-worm	2000-01-01T00:00:00Z
yara-rules/deadbits/kpot	2000-01-01T00:00:00Z
yara-rules/deadbits/linux-golang-ransomware	2000-01-01T00:00:00Z
yara-rules/deadbits/red-ghost-linux	2000-01-01T00:00:00Z
yara-rules/deadbits/remcos-rat-2019	2000-01-01T00:00:00Z
yara-rules/deadbits/silent-trinity-delivery	2000-01-01T00:00:00Z
yara-rules/deadbits/silent-trinity-payload	2000-01-01T00:00:00Z
yara-rules/deadbits/ta505-flower-pippi	2000-01-01T00:00:00Z
yara-rules/deadbits/watch-bog-linux	2000-01-01T00:00:00Z
yara-rules/deadbits/winnti-linux	2000-01-01T00:00:00Z
yara-rules/neo23x0/apt-aa19-024a	2000-01-01T00:00:00Z
yara-rules/neo23x0/apt-agent-btz	2000-01-01T00:00:00Z
yara-rules/neo23x0/apt-alienspy-rat	2000-01-01T00:00:00Z
yara-rules/neo23x0/apt-apt10	2000-01-01T00:00:00Z
yara-rules/neo23x0/apt-apt10-redleaves	2000-01-01T00:00:00Z
yara-rules/neo23x0/apt-apt12-malware	2000-01-01T00:00:00Z
yara-rules/neo23x0/apt-apt15	2000-01-01T00:00:00Z
yara-rules/neo23x0/apt-apt17-mal-sep17	2000-01-01T00:00:00Z
yara-rules/neo23x0/apt-apt17-malware	2000-01-01T00:00:00Z
yara-rules/neo23x0/apt-apt19	2000-01-01T00:00:00Z
yara-rules/neo23x0/apt-apt27-hyperbro	2000-01-01T00:00:00Z
yara-rules/neo23x0/apt-apt28	2000-01-01T00:00:00Z
yara-rules/neo23x0/apt-apt28-drovorub	2000-01-01T00:00:00Z
yara-rules/neo23x0/apt-apt29-grizzly-steppe	2000-01-01T00:00:00Z
yara-rules/neo23x0/apt-apt29-nobelium-apr22	2000-01-01T00:00:00Z
yara-rules/neo23x0/apt-apt29-nobelium-may21	2000-01-01T00:00:00Z
yara-rules/neo23x0/apt-apt3-bemstour	2000-01-01T00:00:00Z
yara-rules/neo23x0/apt-apt30-backspace	2000-01-01T00:00:00Z
yara-rules/neo23x0/apt-apt32	2000-01-01T00:00:00Z
yara-rules/neo23x0/apt-apt34	2000-01-01T00:00:00Z
yara-rules/neo23x0/apt-apt37	2000-01-01T00:00:00Z
yara-rules/neo23x0/apt-apt37-bluelight	2000-01-01T00:00:00Z
yara-rules/neo23x0/apt-apt41	2000-01-01T00:00:00Z
yara-rules/neo23x0/apt-apt6-malware	2000-01-01T00:00:00Z
yara-rules/neo23x0/apt-ar18-165a	2000-01-01T00:00:00Z
yara-rules/neo23x0/apt-area1-phishing-diplomacy	2000-01-01T00:00:00Z
yara-rules/neo23x0/apt-aus-parl-compromise	2000-01-01T00:00:00Z
yara-rules/neo23x0/apt-babyshark	2000-01-01T00:00:00Z
yara-rules/neo23x0/apt-backdoor-ssh-python	2000-01-01T00:00:00Z
yara-rules/neo23x0/apt-backdoor-sunburst-fnv1a-experimental	2000-01-01T00:00:00Z
yara-rules/neo23x0/apt-backspace	2000-01-01T00:00:00Z
yara-rules/neo23x0/apt-beepservice	2000-01-01T00:00:00Z
yara-rules/neo23x0/apt-between-hk-and-burma	2000-01-01T00:00:00Z
yara-rules/neo23x0/apt-bigbang	2000-01-01T00:00:00Z
yara-rules/neo23x0/apt-bitter	2000-01-01T00:00:00Z
yara-rules/neo23x0/apt-blackenergy	2000-01-01T00:00:00Z
yara-rules/neo23x0/apt-blackenergy-installer	2000-01-01T00:00:00Z
yara-rules/neo23x0/apt-bluetermite-emdivi	2000-01-01T00:00:00Z
yara-rules/neo23x0/apt-bronze-butler	2000-01-01T00:00:00Z
yara-rules/neo23x0/apt-buckeye	2000-01-01T00:00:00Z
yara-rules/neo23x0/apt-carbon-paper-turla	2000-01-01T00:00:00Z
yara-rules/neo23x0/apt-casper	2000-01-01T00:00:00Z
yara-rules/neo23x0/apt-cheshirecat	2000-01-01T00:00:00Z
yara-rules/neo23x0/apt-cloudatlas	2000-01-01T00:00:00Z
yara-rules/neo23x0/apt-cloudduke	2000-01-01T00:00:00Z
yara-rules/neo23x0/apt-cmstar	2000-01-01T00:00:00Z
yara-rules/neo23x0/apt-cn-netfilter	2000-01-01T00:00:00Z
yara-rules/neo23x0/apt-cn-pp-zerot	2000-01-01T00:00:00Z
yara-rules/neo23x0/apt-cn-reddelta	2000-01-01T00:00:00Z
yara-rules/neo23x0/apt-cobaltstrike	2000-01-01T00:00:00Z
yara-rules/neo23x0/apt-cobaltstrike-evasive	2000-01-01T00:00:00Z
yara-rules/neo23x0/apt-codoso	2000-01-01T00:00:00Z
yara-rules/neo23x0/apt-coreimpact-agent	2000-01-01T00:00:00Z
yara-rules/neo23x0/apt-danti-svcmondr	2000-01-01T00:00:00Z
yara-rules/neo23x0/apt-darkcaracal	2000-01-01T00:00:00Z
yara-rules/neo23x0/apt-darkhydrus	2000-01-01T00:00:00Z
yara-rules/neo23x0/apt-deeppanda	2000-01-01T00:00:00Z
yara-rules/neo23x0/apt-derusbi	2000-01-01T00:00:00Z
yara-rules/neo23x0/apt-dnspionage	2000-01-01T00:00:00Z
yara-rules/neo23x0/apt-donotteam-ytyframework	2000-01-01T00:00:00Z
yara-rules/neo23x0/apt-dragonfly	2000-01-01T00:00:00Z
yara-rules/neo23x0/apt-dtrack	2000-01-01T00:00:00Z
yara-rules/neo23x0/apt-dubnium	2000-01-01T00:00:00Z
yara-rules/neo23x0/apt-duqu1-5-modules	2000-01-01T00:00:00Z
yara-rules/neo23x0/apt-duqu2	2000-01-01T00:00:00Z
yara-rules/neo23x0/apt-dustman	2000-01-01T00:00:00Z
yara-rules/neo23x0/apt-emissary	2000-01-01T00:00:00Z
yara-rules/neo23x0/apt-eqgrp	2000-01-01T00:00:00Z
yara-rules/neo23x0/apt-eqgrp-apr17	2000-01-01T00:00:00Z
yara-rules/neo23x0/apt-eternalblue-non-wannacry	2000-01-01T00:00:00Z
yara-rules/neo23x0/apt-exile-rat	2000-01-01T00:00:00Z
yara-rules/neo23x0/apt-f5-bigip-expl-payloads	2000-01-01T00:00:00Z
yara-rules/neo23x0/apt-fakem-backdoor	2000-01-01T00:00:00Z
yara-rules/neo23x0/apt-fancybear-computrace-agent	2000-01-01T00:00:00Z
yara-rules/neo23x0/apt-fancybear-dnc	2000-01-01T00:00:00Z
yara-rules/neo23x0/apt-fancybear-osxagent	2000-01-01T00:00:00Z
yara-rules/neo23x0/apt-fidelis-phishing-plain-sight	2000-01-01T00:00:00Z
yara-rules/neo23x0/apt-fin7	2000-01-01T00:00:00Z
yara-rules/neo23x0/apt-fin7-backdoor	2000-01-01T00:00:00Z
yara-rules/neo23x0/apt-fin8	2000-01-01T00:00:00Z
yara-rules/neo23x0/apt-flame2-orchestrator	2000-01-01T00:00:00Z
yara-rules/neo23x0/apt-foudre	2000-01-01T00:00:00Z
yara-rules/neo23x0/apt-four-element-sword	2000-01-01T00:00:00Z
yara-rules/neo23x0/apt-freemilk	2000-01-01T00:00:00Z
yara-rules/neo23x0/apt-fujinama-rat	2000-01-01T00:00:00Z
yara-rules/neo23x0/apt-furtim	2000-01-01T00:00:00Z
yara-rules/neo23x0/apt-fvey-shadowbroker-dec16	2000-01-01T00:00:00Z
yara-rules/neo23x0/apt-fvey-shadowbroker-jan17	2000-01-01T00:00:00Z
yara-rules/neo23x0/apt-ghostdragon-gh0st-rat	2000-01-01T00:00:00Z
yara-rules/neo23x0/apt-glass-rat	2000-01-01T00:00:00Z
yara-rules/neo23x0/apt-golddragon	2000-01-01T00:00:00Z
yara-rules/neo23x0/apt-goldenspy	2000-01-01T00:00:00Z
yara-rules/neo23x0/apt-greenbug	2000-01-01T00:00:00Z
yara-rules/neo23x0/apt-greyenergy	2000-01-01T00:00:00Z
yara-rules/neo23x0/apt-grizzlybear-uscert	2000-01-01T00:00:00Z
yara-rules/neo23x0/apt-hackingteam-rules	2000-01-01T00:00:00Z
yara-rules/neo23x0/apt-hafnium	2000-01-01T00:00:00Z
yara-rules/neo23x0/apt-hafnium-log-sigs	2000-01-01T00:00:00Z
yara-rules/neo23x0/apt-ham-tofu-chches	2000-01-01T00:00:00Z
yara-rules/neo23x0/apt-hatman	2000-01-01T00:00:00Z
yara-rules/neo23x0/apt-hellsing-kaspersky	2000-01-01T00:00:00Z
yara-rules/neo23x0/apt-hidden-cobra	2000-01-01T00:00:00Z
yara-rules/neo23x0/apt-hiddencobra-bankshot	2000-01-01T00:00:00Z
yara-rules/neo23x0/apt-hiddencobra-wiper	2000-01-01T00:00:00Z
yara-rules/neo23x0/apt-hizor-rat	2000-01-01T00:00:00Z
yara-rules/neo23x0/apt-hkdoor	2000-01-01T00:00:00Z
yara-rules/neo23x0/apt-iamtheking	2000-01-01T00:00:00Z
yara-rules/neo23x0/apt-icefog	2000-01-01T00:00:00Z
yara-rules/neo23x0/apt-indetectables-rat	2000-01-01T00:00:00Z
yara-rules/neo23x0/apt-industroyer	2000-01-01T00:00:00Z
yara-rules/neo23x0/apt-inocnation	2000-01-01T00:00:00Z
yara-rules/neo23x0/apt-irongate	2000-01-01T00:00:00Z
yara-rules/neo23x0/apt-irontiger	2000-01-01T00:00:00Z
yara-rules/neo23x0/apt-irontiger-trendmicro	2000-01-01T00:00:00Z
yara-rules/neo23x0/apt-ism-rat	2000-01-01T00:00:00Z
yara-rules/neo23x0/apt-kaspersky-duqu2	2000-01-01T00:00:00Z
yara-rules/neo23x0/apt-ke3chang	2000-01-01T00:00:00Z
yara-rules/neo23x0/apt-keyboys	2000-01-01T00:00:00Z
yara-rules/neo23x0/apt-keylogger-cn	2000-01-01T00:00:00Z
yara-rules/neo23x0/apt-khrat	2000-01-01T00:00:00Z
yara-rules/neo23x0/apt-korplug-fast	2000-01-01T00:00:00Z
yara-rules/neo23x0/apt-kwampirs	2000-01-01T00:00:00Z
yara-rules/neo23x0/apt-laudanum-webshells	2000-01-01T00:00:00Z
yara-rules/neo23x0/apt-lazarus-applejeus	2000-01-01T00:00:00Z
yara-rules/neo23x0/apt-lazarus-aug20	2000-01-01T00:00:00Z
yara-rules/neo23x0/apt-lazarus-dec17	2000-01-01T00:00:00Z
yara-rules/neo23x0/apt-lazarus-dec20	2000-01-01T00:00:00Z
yara-rules/neo23x0/apt-lazarus-jan21	2000-01-01T00:00:00Z
yara-rules/neo23x0/apt-lazarus-jun18	2000-01-01T00:00:00Z
yara-rules/neo23x0/apt-lazarus-vhd-ransomware	2000-01-01T00:00:00Z
yara-rules/neo23x0/apt-leviathan	2000-01-01T00:00:00Z
yara-rules/neo23x0/apt-lnx-kobalos	2000-01-01T00:00:00Z
yara-rules/neo23x0/apt-lotusblossom-elise	2000-01-01T00:00:00Z
yara-rules/neo23x0/apt-magichound	2000-01-01T00:00:00Z
yara-rules/neo23x0/apt-mal-ilo-board-elf	2000-01-01T00:00:00Z
yara-rules/neo23x0/apt-microcin	2000-01-01T00:00:00Z
yara-rules/neo23x0/apt-middle-east-talosreport	2000-01-01T00:00:00Z
yara-rules/neo23x0/apt-miniasp	2000-01-01T00:00:00Z
yara-rules/neo23x0/apt-minidionis	2000-01-01T00:00:00Z
yara-rules/neo23x0/apt-mofang	2000-01-01T00:00:00Z
yara-rules/neo23x0/apt-molerats-jul17	2000-01-01T00:00:00Z
yara-rules/neo23x0/apt-monsoon	2000-01-01T00:00:00Z
yara-rules/neo23x0/apt-moonlightmaze	2000-01-01T00:00:00Z
yara-rules/neo23x0/apt-ms-platinum	2000-01-01T00:00:00Z
yara-rules/neo23x0/apt-muddywater	2000-01-01T00:00:00Z
yara-rules/neo23x0/apt-naikon	2000-01-01T00:00:00Z
yara-rules/neo23x0/apt-nanocore-rat	2000-01-01T00:00:00Z
yara-rules/neo23x0/apt-nazar	2000-01-01T00:00:00Z
yara-rules/neo23x0/apt-ncsc-report-04-2018	2000-01-01T00:00:00Z
yara-rules/neo23x0/apt-netwire-rat	2000-01-01T00:00:00Z
yara-rules/neo23x0/apt-nk-gen	2000-01-01T00:00:00Z
yara-rules/neo23x0/apt-nk-goldbackdoor	2000-01-01T00:00:00Z
yara-rules/neo23x0/apt-nk-inkysquid	2000-01-01T00:00:00Z
yara-rules/neo23x0/apt-oilrig	2000-01-01T00:00:00Z
yara-rules/neo23x0/apt-oilrig-chafer-mar18	2000-01-01T00:00:00Z
yara-rules/neo23x0/apt-oilrig-oct17	2000-01-01T00:00:00Z
yara-rules/neo23x0/apt-oilrig-rgdoor	2000-01-01T00:00:00Z
yara-rules/neo23x0/apt-olympic-destroyer	2000-01-01T00:00:00Z
yara-rules/neo23x0/apt-onhat-proxy	2000-01-01T00:00:00Z
yara-rules/neo23x0/apt-op-cleaver	2000-01-01T00:00:00Z
yara-rules/neo23x0/apt-op-cloudhopper	2000-01-01T00:00:00Z
yara-rules/neo23x0/apt-op-honeybee	2000-01-01T00:00:00Z
yara-rules/neo23x0/apt-op-shadowhammer	2000-01-01T00:00:00Z
yara-rules/neo23x0/apt-op-wocao	2000-01-01T00:00:00Z
yara-rules/neo23x0/apt-passcv	2000-01-01T00:00:00Z
yara-rules/neo23x0/apt-passthehashtoolkit	2000-01-01T00:00:00Z
yara-rules/neo23x0/apt-patchwork	2000-01-01T00:00:00Z
yara-rules/neo23x0/apt-plead-downloader	2000-01-01T00:00:00Z
yara-rules/neo23x0/apt-plugx	2000-01-01T00:00:00Z
yara-rules/neo23x0/apt-poisonivy	2000-01-01T00:00:00Z
yara-rules/neo23x0/apt-poisonivy-gen3	2000-01-01T00:00:00Z
yara-rules/neo23x0/apt-poseidon-group	2000-01-01T00:00:00Z
yara-rules/neo23x0/apt-poshspy	2000-01-01T00:00:00Z
yara-rules/neo23x0/apt-prikormka	2000-01-01T00:00:00Z
yara-rules/neo23x0/apt-project-m	2000-01-01T00:00:00Z
yara-rules/neo23x0/apt-project-sauron	2000-01-01T00:00:00Z
yara-rules/neo23x0/apt-project-sauron-extras	2000-01-01T00:00:00Z
yara-rules/neo23x0/apt-promethium-neodymium	2000-01-01T00:00:00Z
yara-rules/neo23x0/apt-pulsesecure	2000-01-01T00:00:00Z
yara-rules/neo23x0/apt-putterpanda	2000-01-01T00:00:00Z
yara-rules/neo23x0/apt-quarkspwdump	2000-01-01T00:00:00Z
yara-rules/neo23x0/apt-quasar-rat	2000-01-01T00:00:00Z
yara-rules/neo23x0/apt-quasar-vermin	2000-01-01T00:00:00Z
yara-rules/neo23x0/apt-rancor	2000-01-01T00:00:00Z
yara-rules/neo23x0/apt-reaver-sunorcal	2000-01-01T00:00:00Z
yara-rules/neo23x0/apt-rehashed-rat	2000-01-01T00:00:00Z
yara-rules/neo23x0/apt-revenge-rat	2000-01-01T00:00:00Z
yara-rules/neo23x0/apt-rocketkitten-keylogger	2000-01-01T00:00:00Z
yara-rules/neo23x0/apt-rokrat	2000-01-01T00:00:00Z
yara-rules/neo23x0/apt-royalroad	2000-01-01T00:00:00Z
yara-rules/neo23x0/apt-ruag	2000-01-01T00:00:00Z
yara-rules/neo23x0/apt-rwmc-powershell-creddump	2000-01-01T00:00:00Z
yara-rules/neo23x0/apt-sakula	2000-01-01T00:00:00Z
yara-rules/neo23x0/apt-sandworm-centreon	2000-01-01T00:00:00Z
yara-rules/neo23x0/apt-sandworm-cyclops-blink	2000-01-01T00:00:00Z
yara-rules/neo23x0/apt-sandworm-exim-expl	2000-01-01T00:00:00Z
yara-rules/neo23x0/apt-saudi-aramco-phish	2000-01-01T00:00:00Z
yara-rules/neo23x0/apt-scanbox-deeppanda	2000-01-01T00:00:00Z
yara-rules/neo23x0/apt-scarcruft	2000-01-01T00:00:00Z
yara-rules/neo23x0/apt-seaduke-unit42	2000-01-01T00:00:00Z
yara-rules/neo23x0/apt-sednit-delphidownloader	2000-01-01T00:00:00Z
yara-rules/neo23x0/apt-servantshell	2000-01-01T00:00:00Z
yara-rules/neo23x0/apt-shadowpad	2000-01-01T00:00:00Z
yara-rules/neo23x0/apt-shamoon	2000-01-01T00:00:00Z
yara-rules/neo23x0/apt-shamoon2	2000-01-01T00:00:00Z
yara-rules/neo23x0/apt-shellcrew-streamex	2000-01-01T00:00:00Z
yara-rules/neo23x0/apt-sidewinder	2000-01-01T00:00:00Z
yara-rules/neo23x0/apt-silence	2000-01-01T00:00:00Z
yara-rules/neo23x0/apt-skeletonkey	2000-01-01T00:00:00Z
yara-rules/neo23x0/apt-slingshot	2000-01-01T00:00:00Z
yara-rules/neo23x0/apt-snaketurla-osx	2000-01-01T00:00:00Z
yara-rules/neo23x0/apt-snowglobe-babar	2000-01-01T00:00:00Z
yara-rules/neo23x0/apt-sofacy	2000-01-01T00:00:00Z
yara-rules/neo23x0/apt-sofacy-cannon	2000-01-01T00:00:00Z
yara-rules/neo23x0/apt-sofacy-dec15	2000-01-01T00:00:00Z
yara-rules/neo23x0/apt-sofacy-fysbis	2000-01-01T00:00:00Z
yara-rules/neo23x0/apt-sofacy-hospitality	2000-01-01T00:00:00Z
yara-rules/neo23x0/apt-sofacy-jun16	2000-01-01T00:00:00Z
yara-rules/neo23x0/apt-sofacy-oct17-camp	2000-01-01T00:00:00Z
yara-rules/neo23x0/apt-sofacy-xtunnel-bundestag	2000-01-01T00:00:00Z
yara-rules/neo23x0/apt-sofacy-zebrocy	2000-01-01T00:00:00Z
yara-rules/neo23x0/apt-solarwinds-sunburst	2000-01-01T00:00:00Z
yara-rules/neo23x0/apt-solarwinds-susp-sunburst	2000-01-01T00:00:00Z
yara-rules/neo23x0/apt-sphinx-moth	2000-01-01T00:00:00Z
yara-rules/neo23x0/apt-stonedrill	2000-01-01T00:00:00Z
yara-rules/neo23x0/apt-strider	2000-01-01T00:00:00Z
yara-rules/neo23x0/apt-stuxnet	2000-01-01T00:00:00Z
yara-rules/neo23x0/apt-stuxshop	2000-01-01T00:00:00Z
yara-rules/neo23x0/apt-suckfly	2000-01-01T00:00:00Z
yara-rules/neo23x0/apt-sunspot	2000-01-01T00:00:00Z
yara-rules/neo23x0/apt-sysscan	2000-01-01T00:00:00Z
yara-rules/neo23x0/apt-ta17-293a	2000-01-01T00:00:00Z
yara-rules/neo23x0/apt-ta17-318a	2000-01-01T00:00:00Z
yara-rules/neo23x0/apt-ta17-318b	2000-01-01T00:00:00Z
yara-rules/neo23x0/apt-ta18-074a	2000-01-01T00:00:00Z
yara-rules/neo23x0/apt-ta18-149a	2000-01-01T00:00:00Z
yara-rules/neo23x0/apt-ta459	2000-01-01T00:00:00Z
yara-rules/neo23x0/apt-telebots	2000-01-01T00:00:00Z
yara-rules/neo23x0/apt-terracotta	2000-01-01T00:00:00Z
yara-rules/neo23x0/apt-terracotta-liudoor	2000-01-01T00:00:00Z
yara-rules/neo23x0/apt-tetris	2000-01-01T00:00:00Z
yara-rules/neo23x0/apt-threatgroup-3390	2000-01-01T00:00:00Z
yara-rules/neo23x0/apt-thrip	2000-01-01T00:00:00Z
yara-rules/neo23x0/apt-tick-datper	2000-01-01T00:00:00Z
yara-rules/neo23x0/apt-tick-weaponized-usb	2000-01-01T00:00:00Z
yara-rules/neo23x0/apt-tidepool	2000-01-01T00:00:00Z
yara-rules/neo23x0/apt-tophat	2000-01-01T00:00:00Z
yara-rules/neo23x0/apt-triton	2000-01-01T00:00:00Z
yara-rules/neo23x0/apt-triton-mal-sshdoor	2000-01-01T00:00:00Z
yara-rules/neo23x0/apt-turbo-campaign	2000-01-01T00:00:00Z
yara-rules/neo23x0/apt-turla	2000-01-01T00:00:00Z
yara-rules/neo23x0/apt-turla-gazer	2000-01-01T00:00:00Z
yara-rules/neo23x0/apt-turla-kazuar	2000-01-01T00:00:00Z
yara-rules/neo23x0/apt-turla-mosquito	2000-01-01T00:00:00Z
yara-rules/neo23x0/apt-turla-neuron	2000-01-01T00:00:00Z
yara-rules/neo23x0/apt-turla-penquin	2000-01-01T00:00:00Z
yara-rules/neo23x0/apt-turla-png-dropper-nov18	2000-01-01T00:00:00Z
yara-rules/neo23x0/apt-ua-caddywiper	2000-01-01T00:00:00Z
yara-rules/neo23x0/apt-ua-hermetic-wiper	2000-01-01T00:00:00Z
yara-rules/neo23x0/apt-ua-isaacwiper	2000-01-01T00:00:00Z
yara-rules/neo23x0/apt-ua-wiper-whispergate	2000-01-01T00:00:00Z
yara-rules/neo23x0/apt-uboat-rat	2000-01-01T00:00:00Z
yara-rules/neo23x0/apt-unc1151-ua	2000-01-01T00:00:00Z
yara-rules/neo23x0/apt-unc2447-sombrat	2000-01-01T00:00:00Z
yara-rules/neo23x0/apt-unc2546-dewmode	2000-01-01T00:00:00Z
yara-rules/neo23x0/apt-unit78020-malware	2000-01-01T00:00:00Z
yara-rules/neo23x0/apt-uscert-ta17-1117a	2000-01-01T00:00:00Z
yara-rules/neo23x0/apt-venom-linux-rootkit	2000-01-01T00:00:00Z
yara-rules/neo23x0/apt-volatile-cedar	2000-01-01T00:00:00Z
yara-rules/neo23x0/apt-vpnfilter	2000-01-01T00:00:00Z
yara-rules/neo23x0/apt-waterbear	2000-01-01T00:00:00Z
yara-rules/neo23x0/apt-waterbug	2000-01-01T00:00:00Z
yara-rules/neo23x0/apt-webmonitor-rat	2000-01-01T00:00:00Z
yara-rules/neo23x0/apt-webshell-chinachopper	2000-01-01T00:00:00Z
yara-rules/neo23x0/apt-wildneutron	2000-01-01T00:00:00Z
yara-rules/neo23x0/apt-wilted-tulip	2000-01-01T00:00:00Z
yara-rules/neo23x0/apt-win-plugx	2000-01-01T00:00:00Z
yara-rules/neo23x0/apt-winnti	2000-01-01T00:00:00Z
yara-rules/neo23x0/apt-winnti-br	2000-01-01T00:00:00Z
yara-rules/neo23x0/apt-winnti-burning-umbrella	2000-01-01T00:00:00Z
yara-rules/neo23x0/apt-winnti-hdroot	2000-01-01T00:00:00Z
yara-rules/neo23x0/apt-winnti-linux	2000-01-01T00:00:00Z
yara-rules/neo23x0/apt-winnti-ms-report-201701	2000-01-01T00:00:00Z
yara-rules/neo23x0/apt-woolengoldfish	2000-01-01T00:00:00Z
yara-rules/neo23x0/apt-xrat	2000-01-01T00:00:00Z
yara-rules/neo23x0/apt-zxshell	2000-01-01T00:00:00Z
yara-rules/neo23x0/cn-pentestset-scripts	2000-01-01T00:00:00Z
yara-rules/neo23x0/cn-pentestset-tools	2000-01-01T00:00:00Z
yara-rules/neo23x0/cn-pentestset-webshells	2000-01-01T00:00:00Z
yara-rules/neo23x0/crime-academic-data-centers-camp-may20	2000-01-01T00:00:00Z
yara-rules/neo23x0/crime-andromeda-jun17	2000-01-01T00:00:00Z
yara-rules/neo23x0/crime-antifw-installrex	2000-01-01T00:00:00Z
yara-rules/neo23x0/crime-atm-dispenserxfs	2000-01-01T00:00:00Z
yara-rules/neo23x0/crime-atm-javadipcash	2000-01-01T00:00:00Z
yara-rules/neo23x0/crime-atm-loup	2000-01-01T00:00:00Z
yara-rules/neo23x0/crime-atm-xfsadm	2000-01-01T00:00:00Z
yara-rules/neo23x0/crime-atm-xfscashncr	2000-01-01T00:00:00Z
yara-rules/neo23x0/crime-bad-patch	2000-01-01T00:00:00Z
yara-rules/neo23x0/crime-badrabbit	2000-01-01T00:00:00Z
yara-rules/neo23x0/crime-bazarbackdoor	2000-01-01T00:00:00Z
yara-rules/neo23x0/crime-bernhard-pos	2000-01-01T00:00:00Z
yara-rules/neo23x0/crime-bluenoroff-pos	2000-01-01T00:00:00Z
yara-rules/neo23x0/crime-buzus-softpulse	2000-01-01T00:00:00Z
yara-rules/neo23x0/crime-cmstar	2000-01-01T00:00:00Z
yara-rules/neo23x0/crime-cn-campaign-njrat	2000-01-01T00:00:00Z
yara-rules/neo23x0/crime-cn-group-btc	2000-01-01T00:00:00Z
yara-rules/neo23x0/crime-cobalt-gang-pdf	2000-01-01T00:00:00Z
yara-rules/neo23x0/crime-cobaltgang	2000-01-01T00:00:00Z
yara-rules/neo23x0/crime-corkow-dll	2000-01-01T00:00:00Z
yara-rules/neo23x0/crime-covid-ransom	2000-01-01T00:00:00Z
yara-rules/neo23x0/crime-credstealer-generic	2000-01-01T00:00:00Z
yara-rules/neo23x0/crime-crypto-miner	2000-01-01T00:00:00Z
yara-rules/neo23x0/crime-cryptowall-svg	2000-01-01T00:00:00Z
yara-rules/neo23x0/crime-dearcry-ransom	2000-01-01T00:00:00Z
yara-rules/neo23x0/crime-dexter-trojan	2000-01-01T00:00:00Z
yara-rules/neo23x0/crime-dridex-xml	2000-01-01T00:00:00Z
yara-rules/neo23x0/crime-emotet	2000-01-01T00:00:00Z
yara-rules/neo23x0/crime-enfal	2000-01-01T00:00:00Z
yara-rules/neo23x0/crime-envrial	2000-01-01T00:00:00Z
yara-rules/neo23x0/crime-eternalrocks	2000-01-01T00:00:00Z
yara-rules/neo23x0/crime-evilcorp-dridex-banker	2000-01-01T00:00:00Z
yara-rules/neo23x0/crime-fareit	2000-01-01T00:00:00Z
yara-rules/neo23x0/crime-fireball	2000-01-01T00:00:00Z
yara-rules/neo23x0/crime-floxif-flystudio	2000-01-01T00:00:00Z
yara-rules/neo23x0/crime-gamaredon	2000-01-01T00:00:00Z
yara-rules/neo23x0/crime-goldeneye	2000-01-01T00:00:00Z
yara-rules/neo23x0/crime-gozi-crypter	2000-01-01T00:00:00Z
yara-rules/neo23x0/crime-guloader	2000-01-01T00:00:00Z
yara-rules/neo23x0/crime-h2miner-kinsing	2000-01-01T00:00:00Z
yara-rules/neo23x0/crime-hermes-ransom	2000-01-01T00:00:00Z
yara-rules/neo23x0/crime-icedid	2000-01-01T00:00:00Z
yara-rules/neo23x0/crime-kasper-oct17	2000-01-01T00:00:00Z
yara-rules/neo23x0/crime-kins-dropper	2000-01-01T00:00:00Z
yara-rules/neo23x0/crime-kr-malware	2000-01-01T00:00:00Z
yara-rules/neo23x0/crime-kraken-bot1	2000-01-01T00:00:00Z
yara-rules/neo23x0/crime-kriskynote	2000-01-01T00:00:00Z
yara-rules/neo23x0/crime-locky	2000-01-01T00:00:00Z
yara-rules/neo23x0/crime-loki-bot	2000-01-01T00:00:00Z
yara-rules/neo23x0/crime-mal-grandcrab	2000-01-01T00:00:00Z
yara-rules/neo23x0/crime-mal-nitol	2000-01-01T00:00:00Z
yara-rules/neo23x0/crime-mal-ransom-wadharma	2000-01-01T00:00:00Z
yara-rules/neo23x0/crime-malumpos	2000-01-01T00:00:00Z
yara-rules/neo23x0/crime-malware-generic	2000-01-01T00:00:00Z
yara-rules/neo23x0/crime-malware-set-oct16	2000-01-01T00:00:00Z
yara-rules/neo23x0/crime-maze-ransomware	2000-01-01T00:00:00Z
yara-rules/neo23x0/crime-mikey-trojan	2000-01-01T00:00:00Z
yara-rules/neo23x0/crime-mirai	2000-01-01T00:00:00Z
yara-rules/neo23x0/crime-mywscript-dropper	2000-01-01T00:00:00Z
yara-rules/neo23x0/crime-nansh0u	2000-01-01T00:00:00Z
yara-rules/neo23x0/crime-nkminer	2000-01-01T00:00:00Z
yara-rules/neo23x0/crime-nopetya-jun17	2000-01-01T00:00:00Z
yara-rules/neo23x0/crime-ole-loadswf-cve-2018-4878	2000-01-01T00:00:00Z
yara-rules/neo23x0/crime-parallax-rat	2000-01-01T00:00:00Z
yara-rules/neo23x0/crime-phish-gina-dec15	2000-01-01T00:00:00Z
yara-rules/neo23x0/crime-ransom-conti	2000-01-01T00:00:00Z
yara-rules/neo23x0/crime-ransom-darkside	2000-01-01T00:00:00Z
yara-rules/neo23x0/crime-ransom-generic	2000-01-01T00:00:00Z
yara-rules/neo23x0/crime-ransom-germanwiper	2000-01-01T00:00:00Z
yara-rules/neo23x0/crime-ransom-lockergoga	2000-01-01T00:00:00Z
yara-rules/neo23x0/crime-ransom-prolock	2000-01-01T00:00:00Z
yara-rules/neo23x0/crime-ransom-ragna-locker	2000-01-01T00:00:00Z
yara-rules/neo23x0/crime-ransom-revil	2000-01-01T00:00:00Z
yara-rules/neo23x0/crime-ransom-robinhood	2000-01-01T00:00:00Z
yara-rules/neo23x0/crime-ransom-stealbit-lockbit	2000-01-01T00:00:00Z
yara-rules/neo23x0/crime-rat-parallax	2000-01-01T00:00:00Z
yara-rules/neo23x0/crime-revil-general	2000-01-01T00:00:00Z
yara-rules/neo23x0/crime-rombertik-carbongrabber	2000-01-01T00:00:00Z
yara-rules/neo23x0/crime-ryuk-ransomware	2000-01-01T00:00:00Z
yara-rules/neo23x0/crime-shifu-trojan	2000-01-01T00:00:00Z
yara-rules/neo23x0/crime-snarasite	2000-01-01T00:00:00Z
yara-rules/neo23x0/crime-socgholish	2000-01-01T00:00:00Z
yara-rules/neo23x0/crime-teledoor	2000-01-01T00:00:00Z
yara-rules/neo23x0/crime-trickbot	2000-01-01T00:00:00Z
yara-rules/neo23x0/crime-upatre-oct15	2000-01-01T00:00:00Z
yara-rules/neo23x0/crime-wannacry	2000-01-01T00:00:00Z
yara-rules/neo23x0/crime-wsh-rat	2000-01-01T00:00:00Z
yara-rules/neo23x0/crime-xbash	2000-01-01T00:00:00Z
yara-rules/neo23x0/crime-zeus-panda	2000-01-01T00:00:00Z
yara-rules/neo23x0/crime-zloader-maldocs	2000-01-01T00:00:00Z
yara-rules/neo23x0/expl-adselfservice-cve-2021-40539	2000-01-01T00:00:00Z
yara-rules/neo23x0/expl-cve-2021-1647	2000-01-01T00:00:00Z
yara-rules/neo23x0/expl-cve-2021-26084-confluence-log	2000-01-01T00:00:00Z
yara-rules/neo23x0/expl-cve-2021-40444	2000-01-01T00:00:00Z
yara-rules/neo23x0/expl-log4j-cve-2021-44228	2000-01-01T00:00:00Z
yara-rules/neo23x0/expl-proxyshell	2000-01-01T00:00:00Z
yara-rules/neo23x0/expl-spring4shell	2000-01-01T00:00:00Z
yara-rules/neo23x0/exploit-cve-2014-4076	2000-01-01T00:00:00Z
yara-rules/neo23x0/exploit-cve-2015-1674	2000-01-01T00:00:00Z
yara-rules/neo23x0/exploit-cve-2015-1701	2000-01-01T00:00:00Z
yara-rules/neo23x0/exploit-cve-2015-2426	2000-01-01T00:00:00Z
yara-rules/neo23x0/exploit-cve-2015-2545	2000-01-01T00:00:00Z
yara-rules/neo23x0/exploit-cve-2015-5119	2000-01-01T00:00:00Z
yara-rules/neo23x0/exploit-cve-2017-11882	2000-01-01T00:00:00Z
yara-rules/neo23x0/exploit-cve-2017-8759	2000-01-01T00:00:00Z
yara-rules/neo23x0/exploit-cve-2017-9800	2000-01-01T00:00:00Z
yara-rules/neo23x0/exploit-cve-2018-0802	2000-01-01T00:00:00Z
yara-rules/neo23x0/exploit-cve-2018-16858	2000-01-01T00:00:00Z
yara-rules/neo23x0/exploit-cve-2021-31166	2000-01-01T00:00:00Z
yara-rules/neo23x0/exploit-cve-2021-33766-proxytoken	2000-01-01T00:00:00Z
yara-rules/neo23x0/exploit-cve-2022-22954-vmware-workspace-one	2000-01-01T00:00:00Z
yara-rules/neo23x0/exploit-f5-bigip-cve-2021-22986-log	2000-01-01T00:00:00Z
yara-rules/neo23x0/exploit-gitlab-cve-2021-22205	2000-01-01T00:00:00Z
yara-rules/neo23x0/exploit-rtf-ole2link	2000-01-01T00:00:00Z
yara-rules/neo23x0/exploit-shitrix	2000-01-01T00:00:00Z
yara-rules/neo23x0/exploit-tlb-scripts	2000-01-01T00:00:00Z
yara-rules/neo23x0/exploit-uac-elevators	2000-01-01T00:00:00Z
yara-rules/neo23x0/gen-ace-with-exe	2000-01-01T00:00:00Z
yara-rules/neo23x0/gen-anomalies-keyword-combos	2000-01-01T00:00:00Z
yara-rules/neo23x0/gen-armitage	2000-01-01T00:00:00Z
yara-rules/neo23x0/gen-autocad-lsp-malware	2000-01-01T00:00:00Z
yara-rules/neo23x0/gen-b374k-extra	2000-01-01T00:00:00Z
yara-rules/neo23x0/gen-bad-pdf	2000-01-01T00:00:00Z
yara-rules/neo23x0/gen-case-anomalies	2000-01-01T00:00:00Z
yara-rules/neo23x0/gen-cert-payloads	2000-01-01T00:00:00Z
yara-rules/neo23x0/gen-chaos-payload	2000-01-01T00:00:00Z
yara-rules/neo23x0/gen-cmd-script-obfuscated	2000-01-01T00:00:00Z
yara-rules/neo23x0/gen-cn-hacktool-scripts	2000-01-01T00:00:00Z
yara-rules/neo23x0/gen-cn-hacktools	2000-01-01T00:00:00Z
yara-rules/neo23x0/gen-cn-webshells	2000-01-01T00:00:00Z
yara-rules/neo23x0/gen-cobaltstrike-by-avast	2000-01-01T00:00:00Z
yara-rules/neo23x0/gen-crime-bitpaymer	2000-01-01T00:00:00Z
yara-rules/neo23x0/gen-crimson-rat	2000-01-01T00:00:00Z
yara-rules/neo23x0/gen-crunchrat	2000-01-01T00:00:00Z
yara-rules/neo23x0/gen-dde-in-office-docs	2000-01-01T00:00:00Z
yara-rules/neo23x0/gen-deviceguard-evasion	2000-01-01T00:00:00Z
yara-rules/neo23x0/gen-dropper-pdb	2000-01-01T00:00:00Z
yara-rules/neo23x0/gen-elf-file-anomalies	2000-01-01T00:00:00Z
yara-rules/neo23x0/gen-empire	2000-01-01T00:00:00Z
yara-rules/neo23x0/gen-enigma-protector	2000-01-01T00:00:00Z
yara-rules/neo23x0/gen-event-mute-hook	2000-01-01T00:00:00Z
yara-rules/neo23x0/gen-excel-auto-open-evasion	2000-01-01T00:00:00Z
yara-rules/neo23x0/gen-excel-xll-addin-suspicious	2000-01-01T00:00:00Z
yara-rules/neo23x0/gen-excel-xor-obfuscation-velvetsweatshop	2000-01-01T00:00:00Z
yara-rules/neo23x0/gen-excel4macro-sharpshooter	2000-01-01T00:00:00Z
yara-rules/neo23x0/gen-exploit-cve-2017-10271-weblogic	2000-01-01T00:00:00Z
yara-rules/neo23x0/gen-faked-versions	2000-01-01T00:00:00Z
yara-rules/neo23x0/gen-file-anomalies	2000-01-01T00:00:00Z
yara-rules/neo23x0/gen-fireeye-redteam-tools	2000-01-01T00:00:00Z
yara-rules/neo23x0/gen-floxif	2000-01-01T00:00:00Z
yara-rules/neo23x0/gen-gen-cactustorch	2000-01-01T00:00:00Z
yara-rules/neo23x0/gen-github-net-redteam-tools-guids	2000-01-01T00:00:00Z
yara-rules/neo23x0/gen-github-net-redteam-tools-names	2000-01-01T00:00:00Z
yara-rules/neo23x0/gen-gobfuscate	2000-01-01T00:00:00Z
yara-rules/neo23x0/gen-google-anomaly	2000-01-01T00:00:00Z
yara-rules/neo23x0/gen-gpp-cpassword	2000-01-01T00:00:00Z
yara-rules/neo23x0/gen-hawkeye	2000-01-01T00:00:00Z
yara-rules/neo23x0/gen-hktl-roothelper	2000-01-01T00:00:00Z
yara-rules/neo23x0/gen-hta-anomalies	2000-01-01T00:00:00Z
yara-rules/neo23x0/gen-hunting-susp-rar	2000-01-01T00:00:00Z
yara-rules/neo23x0/gen-icon-anomalies	2000-01-01T00:00:00Z
yara-rules/neo23x0/gen-impacket-tools	2000-01-01T00:00:00Z
yara-rules/neo23x0/gen-invoke-mimikatz	2000-01-01T00:00:00Z
yara-rules/neo23x0/gen-invoke-psimage	2000-01-01T00:00:00Z
yara-rules/neo23x0/gen-invoke-thehash	2000-01-01T00:00:00Z
yara-rules/neo23x0/gen-javascript-powershell	2000-01-01T00:00:00Z
yara-rules/neo23x0/gen-kerberoast	2000-01-01T00:00:00Z
yara-rules/neo23x0/gen-khepri	2000-01-01T00:00:00Z
yara-rules/neo23x0/gen-kirbi-mimkatz	2000-01-01T00:00:00Z
yara-rules/neo23x0/gen-lnx-malware-indicators	2000-01-01T00:00:00Z
yara-rules/neo23x0/gen-loaders	2000-01-01T00:00:00Z
yara-rules/neo23x0/gen-macro-builders	2000-01-01T00:00:00Z
yara-rules/neo23x0/gen-macro-shell-execute-action	2000-01-01T00:00:00Z
yara-rules/neo23x0/gen-macro-staroffice-suspicious	2000-01-01T00:00:00Z
yara-rules/neo23x0/gen-mal-backnet	2000-01-01T00:00:00Z
yara-rules/neo23x0/gen-mal-link	2000-01-01T00:00:00Z
yara-rules/neo23x0/gen-mal-scripts	2000-01-01T00:00:00Z
yara-rules/neo23x0/gen-maldoc	2000-01-01T00:00:00Z
yara-rules/neo23x0/gen-malware-macos-plist-suspicious	2000-01-01T00:00:00Z
yara-rules/neo23x0/gen-malware-set-qa	2000-01-01T00:00:00Z
yara-rules/neo23x0/gen-merlin-agent	2000-01-01T00:00:00Z
yara-rules/neo23x0/gen-metasploit-loader-rsmudge	2000-01-01T00:00:00Z
yara-rules/neo23x0/gen-metasploit-payloads	2000-01-01T00:00:00Z
yara-rules/neo23x0/gen-mimikatz	2000-01-01T00:00:00Z
yara-rules/neo23x0/gen-mimikittenz	2000-01-01T00:00:00Z
yara-rules/neo23x0/gen-mimipenguin	2000-01-01T00:00:00Z
yara-rules/neo23x0/gen-nimpackt	2000-01-01T00:00:00Z
yara-rules/neo23x0/gen-nopowershell	2000-01-01T00:00:00Z
yara-rules/neo23x0/gen-nvidia-leaked-cert	2000-01-01T00:00:00Z
yara-rules/neo23x0/gen-osx-backdoor-bella	2000-01-01T00:00:00Z
yara-rules/neo23x0/gen-osx-evilosx	2000-01-01T00:00:00Z
yara-rules/neo23x0/gen-osx-pyagent-persistence	2000-01-01T00:00:00Z
yara-rules/neo23x0/gen-p0wnshell	2000-01-01T00:00:00Z
yara-rules/neo23x0/gen-pirpi	2000-01-01T00:00:00Z
yara-rules/neo23x0/gen-powerkatz	2000-01-01T00:00:00Z
yara-rules/neo23x0/gen-powershdll	2000-01-01T00:00:00Z
yara-rules/neo23x0/gen-powershell-empire	2000-01-01T00:00:00Z
yara-rules/neo23x0/gen-powershell-invocation	2000-01-01T00:00:00Z
yara-rules/neo23x0/gen-powershell-obfuscation	2000-01-01T00:00:00Z
yara-rules/neo23x0/gen-powershell-suite	2000-01-01T00:00:00Z
yara-rules/neo23x0/gen-powershell-susp	2000-01-01T00:00:00Z
yara-rules/neo23x0/gen-powershell-toolkit	2000-01-01T00:00:00Z
yara-rules/neo23x0/gen-powersploit-dropper	2000-01-01T00:00:00Z
yara-rules/neo23x0/gen-ps-empire-eval	2000-01-01T00:00:00Z
yara-rules/neo23x0/gen-ps-osiris	2000-01-01T00:00:00Z
yara-rules/neo23x0/gen-ps1-shellcode	2000-01-01T00:00:00Z
yara-rules/neo23x0/gen-pua	2000-01-01T00:00:00Z
yara-rules/neo23x0/gen-pupy-rat	2000-01-01T00:00:00Z
yara-rules/neo23x0/gen-python-encoded-adware	2000-01-01T00:00:00Z
yara-rules/neo23x0/gen-python-pty-shell	2000-01-01T00:00:00Z
yara-rules/neo23x0/gen-python-pyminifier-encoded-payload	2000-01-01T00:00:00Z
yara-rules/neo23x0/gen-python-reverse-shell	2000-01-01T00:00:00Z
yara-rules/neo23x0/gen-rar-exfil	2000-01-01T00:00:00Z
yara-rules/neo23x0/gen-rats-malwareconfig	2000-01-01T00:00:00Z
yara-rules/neo23x0/gen-recon-indicators	2000-01-01T00:00:00Z
yara-rules/neo23x0/gen-redmimicry	2000-01-01T00:00:00Z
yara-rules/neo23x0/gen-redsails	2000-01-01T00:00:00Z
yara-rules/neo23x0/gen-regsrv32-issue	2000-01-01T00:00:00Z
yara-rules/neo23x0/gen-remote-potato0	2000-01-01T00:00:00Z
yara-rules/neo23x0/gen-rottenpotato	2000-01-01T00:00:00Z
yara-rules/neo23x0/gen-sfx-with-microsoft-copyright	2000-01-01T00:00:00Z
yara-rules/neo23x0/gen-sharpcat	2000-01-01T00:00:00Z
yara-rules/neo23x0/gen-shikataganai	2000-01-01T00:00:00Z
yara-rules/neo23x0/gen-sign-anomalies	2000-01-01T00:00:00Z
yara-rules/neo23x0/gen-solarwinds-credential-stealer	2000-01-01T00:00:00Z
yara-rules/neo23x0/gen-susp-bat-aux	2000-01-01T00:00:00Z
yara-rules/neo23x0/gen-susp-cmd-var-expansion	2000-01-01T00:00:00Z
yara-rules/neo23x0/gen-susp-hacktool	2000-01-01T00:00:00Z
yara-rules/neo23x0/gen-susp-js-obfuscatorio	2000-01-01T00:00:00Z
yara-rules/neo23x0/gen-susp-lnk	2000-01-01T00:00:00Z
yara-rules/neo23x0/gen-susp-lnk-files	2000-01-01T00:00:00Z
yara-rules/neo23x0/gen-susp-obfuscation	2000-01-01T00:00:00Z
yara-rules/neo23x0/gen-susp-office-dropper	2000-01-01T00:00:00Z
yara-rules/neo23x0/gen-susp-sfx	2000-01-01T00:00:00Z
yara-rules/neo23x0/gen-susp-strings-in-ole	2000-01-01T00:00:00Z
yara-rules/neo23x0/gen-susp-wer-files	2000-01-01T00:00:00Z
yara-rules/neo23x0/gen-susp-xor	2000-01-01T00:00:00Z
yara-rules/neo23x0/gen-suspicious-inpage-dropper	2000-01-01T00:00:00Z
yara-rules/neo23x0/gen-suspicious-strings	2000-01-01T00:00:00Z
yara-rules/neo23x0/gen-sysinternals-anomaly	2000-01-01T00:00:00Z
yara-rules/neo23x0/gen-tempracer	2000-01-01T00:00:00Z
yara-rules/neo23x0/gen-thumbs-cloaking	2000-01-01T00:00:00Z
yara-rules/neo23x0/gen-transformed-strings	2000-01-01T00:00:00Z
yara-rules/neo23x0/gen-tscookie-rat	2000-01-01T00:00:00Z
yara-rules/neo23x0/gen-unicorn-obfuscated-powershell	2000-01-01T00:00:00Z
yara-rules/neo23x0/gen-unspecified-malware	2000-01-01T00:00:00Z
yara-rules/neo23x0/gen-url-persitence	2000-01-01T00:00:00Z
yara-rules/neo23x0/gen-url-to-local-exe	2000-01-01T00:00:00Z
yara-rules/neo23x0/gen-vhd-anomaly	2000-01-01T00:00:00Z
yara-rules/neo23x0/gen-webshells	2000-01-01T00:00:00Z
yara-rules/neo23x0/gen-win-privesc	2000-01-01T00:00:00Z
yara-rules/neo23x0/gen-winpayloads	2000-01-01T00:00:00Z
yara-rules/neo23x0/gen-winshells	2000-01-01T00:00:00Z
yara-rules/neo23x0/gen-wmi-implant	2000-01-01T00:00:00Z
yara-rules/neo23x0/gen-xor-hunting	2000-01-01T00:00:00Z
yara-rules/neo23x0/gen-xored-pe	2000-01-01T00:00:00Z
yara-rules/neo23x0/gen-xtreme-rat	2000-01-01T00:00:00Z
yara-rules/neo23x0/gen-ysoserial-payloads	2000-01-01T00:00:00Z
yara-rules/neo23x0/gen-zoho-rcef-logs	2000-01-01T00:00:00Z
yara-rules/neo23x0/general-cloaking	2000-01-01T00:00:00Z
yara-rules/neo23x0/general-officemacros	2000-01-01T00:00:00Z
yara-rules/neo23x0/generic-anomalies	2000-01-01T00:00:00Z
yara-rules/neo23x0/generic-cryptors	2000-01-01T00:00:00Z
yara-rules/neo23x0/generic-dumps	2000-01-01T00:00:00Z
yara-rules/neo23x0/generic-exe2hex-payload	2000-01-01T00:00:00Z
yara-rules/neo23x0/mal-avemaria-rat	2000-01-01T00:00:00Z
yara-rules/neo23x0/mal-codecov-hack	2000-01-01T00:00:00Z
yara-rules/neo23x0/mal-crime-unknown	2000-01-01T00:00:00Z
yara-rules/neo23x0/mal-cryp-rat	2000-01-01T00:00:00Z
yara-rules/neo23x0/mal-lnx-implant-may22	2000-01-01T00:00:00Z
yara-rules/neo23x0/mal-netsha	2000-01-01T00:00:00Z
yara-rules/neo23x0/mal-passwordstate-backdoor	2000-01-01T00:00:00Z
yara-rules/neo23x0/mal-ransom-lorenz	2000-01-01T00:00:00Z
yara-rules/neo23x0/pua-cryptocoin-miner	2000-01-01T00:00:00Z
yara-rules/neo23x0/pua-xmrig-monero-miner	2000-01-01T00:00:00Z
yara-rules/neo23x0/pup-lightftp	2000-01-01T00:00:00Z
yara-rules/neo23x0/spy-equation-fiveeyes	2000-01-01T00:00:00Z
yara-rules/neo23x0/spy-querty-fiveeyes	2000-01-01T00:00:00Z
yara-rules/neo23x0/spy-regin-fiveeyes	2000-01-01T00:00:00Z
yara-rules/neo23x0/thor-hacktools	2000-01-01T00:00:00Z
yara-rules/neo23x0/thor-inverse-matches	2000-01-01T00:00:00Z
yara-rules/neo23x0/thor-webshells	2000-01-01T00:00:00Z
yara-rules/neo23x0/threat-lenovo-superfish	2000-01-01T00:00:00Z
yara-rules/neo23x0/vul-cve-2020-0688	2000-01-01T00:00:00Z
yara-rules/neo23x0/vul-cve-2020-1938	2000-01-01T00:00:00Z
yara-rules/neo23x0/vul-cve-2021-3438-printdriver	2000-01-01T00:00:00Z
yara-rules/neo23x0/vul-cve-2021-386471-omi	2000-01-01T00:00:00Z
yara-rules/neo23x0/vul-dell-bios-upd-driver	2000-01-01T00:00:00Z
yara-rules/neo23x0/vul-drivecrypt	2000-01-01T00:00:00Z
yara-rules/neo23x0/vul-jquery-fileupload-cve-2018-9206	2000-01-01T00:00:00Z
yara-rules/neo23x0/vul-php-zlib-backdoor	2000-01-01T00:00:00Z
yara-rules/neo23x0/webshell-regeorg	2000-01-01T00:00:00Z
yara-rules/neo23x0/webshell-xsl-transform	2000-01-01T00:00:00Z
yara-rules/neo23x0/yara-mixed-ext-vars	2000-01-01T00:00:00Z
yara-rules/yara-community/anti-debug_anti-vm	2000-01-01T00:00:00Z
yara-rules/yara-community/capabilities	2000-01-01T00:00:00Z
yara-rules/yara-community/crypto	2000-01-01T00:00:00Z
yara-rules/yara-community/cve	2000-01-01T00:00:00Z
yara-rules/yara-community/email	2000-01-01T00:00:00Z
yara-rules/yara-community/exploit-kits	2000-01-01T00:00:00Z
yara-rules/yara-community/maldocs	2000-01-01T00:00:00Z
yara-rules/yara-community/malware	2000-01-01T00:00:00Z
yara-rules/yara-community/mobile-malware	2000-01-01T00:00:00Z
yara-rules/yara-community/packers	2000-01-01T00:00:00Z
yara-rules/yara-community/webshells	2000-01-01T00:00:00Z